Series Name,Series Code,Country Name,Country Code,"1960","1970","1980","1990","2000","2010","2022"
GDP per capita (current US$),NY.GDP.PCAP.CD,Afghanistan,AFG,62.3693745050559,162.642175409527,291.649791044155,..,..,554.59473461788,..
GDP per capita (current US$),NY.GDP.PCAP.CD,Albania,ALB,..,..,..,617.230435515505,1126.68334010717,4094.34969883571,6802.80451885113
GDP per capita (current US$),NY.GDP.PCAP.CD,Algeria,DZA,239.033005616667,352.533840103803,2259.72436706497,2431.55126920399,1780.37607069151,4495.92145548343,4273.92218311515
GDP per capita (current US$),NY.GDP.PCAP.CD,American Samoa,ASM,..,..,..,..,..,10446.8632062572,..
GDP per capita (current US$),NY.GDP.PCAP.CD,Andorra,AND,..,3958.5912696711,12534.8227080896,19208.6728089557,21620.4684882246,48237.8911734423,41992.7933583772
GDP per capita (current US$),NY.GDP.PCAP.CD,Angola,AGO,..,..,711.941169235015,949.349840556856,556.88424373456,3496.78479608032,2998.50115810921
GDP per capita (current US$),NY.GDP.PCAP.CD,Antigua and Barbuda,ATG,..,..,2025.47468240637,7255.40630322086,11010.1974601342,13404.5160161036,18745.1735087796
GDP per capita (current US$),NY.GDP.PCAP.CD,Argentina,ARG,..,1324.68528828362,2746.20748417286,4330.96745108666,7666.51783423783,10385.9644319555,13686.0086737317
GDP per capita (current US$),NY.GDP.PCAP.CD,Armenia,ARM,..,..,..,634.5604132585,603.298025247115,3143.02948216523,7014.20659172274
GDP per capita (current US$),NY.GDP.PCAP.CD,Aruba,ABW,..,..,..,11638.7337057728,21023.1575127316,24452.9283634427,..
GDP per capita (current US$),NY.GDP.PCAP.CD,Australia,AUS,1810.59744300336,3304.83782028761,10208.5761716721,18249.533940858,21853.4499933573,52132.469607935,64491.4298860631
GDP per capita (current US$),NY.GDP.PCAP.CD,Austria,AUT,935.460426850415,2058.76905087549,10869.5464940526,21680.989623313,24625.6007227434,46903.7615854354,52131.4466586387
GDP per capita (current US$),NY.GDP.PCAP.CD,Azerbaijan,AZE,..,..,..,1234.5308900513,655.097432602586,5843.5337683582,7736.70123206975
GDP per capita (current US$),NY.GDP.PCAP.CD,"Bahamas, The",BHS,1483.00368182207,3005.78439946974,5967.76788587365,11696.5113658614,24849.6064784902,27046.6576651879,31458.300811739
GDP per capita (current US$),NY.GDP.PCAP.CD,Bahrain,BHR,..,..,8474.18836020654,8174.79723172088,12738.7741181575,21186.8143292279,30152.0346838601
GDP per capita (current US$),NY.GDP.PCAP.CD,Bangladesh,BGD,84.8253338246518,133.142939939666,216.109852036488,294.904656691568,413.100185264402,776.859576940281,2688.30395035828
GDP per capita (current US$),NY.GDP.PCAP.CD,Barbados,BRB,..,..,3992.03633847153,7772.80875684304,11560.2459031879,16489.7958217909,20018.5151513054
GDP per capita (current US$),NY.GDP.PCAP.CD,Belarus,BLR,..,..,..,2124.76794393518,1276.2880341,6034.67885177216,7904.85624285517
GDP per capita (current US$),NY.GDP.PCAP.CD,Belgium,BEL,1273.69165910289,2765.89099664794,12864.0025661396,20600.3752789827,23098.8865077401,44184.946353965,49582.8253649187
GDP per capita (current US$),NY.GDP.PCAP.CD,Belize,BLZ,307.128628864002,441.171939116474,1363.84021848925,3009.49126179562,4642.1470345998,5397.29157482319,6968.36158480889
GDP per capita (current US$),NY.GDP.PCAP.CD,Benin,BEN,90.0358311667814,110.346949971286,366.52952584332,381.805056333014,502.997981047457,1009.48949432994,1303.22201358944
GDP per capita (current US$),NY.GDP.PCAP.CD,Bermuda,BMU,1902.40211884937,3387.27272727273,11218.2178159868,26841.5197383946,56284.1686478094,101875.28407346,118845.621104325
GDP per capita (current US$),NY.GDP.PCAP.CD,Bhutan,BTN,..,..,309.854393259095,515.299721559535,722.826756164774,2194.12587023264,..
GDP per capita (current US$),NY.GDP.PCAP.CD,Bolivia,BOL,101.690809617817,221.777464606411,791.042222940542,685.942717677007,977.329470360318,1922.05866181583,3523.27373305196
GDP per capita (current US$),NY.GDP.PCAP.CD,Bosnia and Herzegovina,BIH,..,..,..,..,1332.21052295102,4506.93366912263,7585.37500171521
GDP per capita (current US$),NY.GDP.PCAP.CD,Botswana,BWA,59.2971223983495,162.506159858746,1130.31597280003,2825.72503382508,3351.6965168531,6041.73205119653,7737.65468112589
GDP per capita (current US$),NY.GDP.PCAP.CD,Brazil,BRA,232.998762450445,439.220916221935,1941.25953805961,3085.39621553317,3726.81142041068,11249.2937410718,8917.67389796927
GDP per capita (current US$),NY.GDP.PCAP.CD,British Virgin Islands,VGB,..,..,..,..,..,..,..
GDP per capita (current US$),NY.GDP.PCAP.CD,Brunei Darussalam,BRN,..,1342.99460185524,26228.0733780764,13440.6668227521,17971.8888128415,34609.6999594925,37152.4662378669
GDP per capita (current US$),NY.GDP.PCAP.CD,Bulgaria,BGR,..,..,2238.80295786574,2366.52982128614,1621.26210738992,6862.75768747522,13772.476794451
GDP per capita (current US$),NY.GDP.PCAP.CD,Burkina Faso,BFA,69.0831952198967,81.6877320776842,278.195451445412,339.631822581939,249.802075679455,627.270395424425,832.884265674075
GDP per capita (current US$),NY.GDP.PCAP.CD,Burundi,BDI,71.3602241759423,69.3951088547481,213.253435366784,206.444928267383,138.004617225366,222.660583148072,238.44187565548
GDP per capita (current US$),NY.GDP.PCAP.CD,Cabo Verde,CPV,..,..,448.397134382749,841.805013643187,1176.70725787049,3500.97745196395,3902.58904940059
GDP per capita (current US$),NY.GDP.PCAP.CD,Cambodia,KHM,114.972955061661,107.087796160422,..,..,301.516598515387,782.695738661233,1786.56081858524
GDP per capita (current US$),NY.GDP.PCAP.CD,Cameroon,CMR,120.018193558277,178.406166632981,783.410143813128,1077.33354474758,700.163236203967,1383.81386416854,1588.47872338696
GDP per capita (current US$),NY.GDP.PCAP.CD,Canada,CAN,2259.28830170587,4135.82149842006,11207.945195689,21526.3477015733,24271.0020563821,47562.0834253057,54966.4888361088
GDP per capita (current US$),NY.GDP.PCAP.CD,Cayman Islands,CYM,..,..,..,..,..,76873.1953208127,..
GDP per capita (current US$),NY.GDP.PCAP.CD,Central African Republic,CAF,66.7700951046495,91.4726487303806,330.002946648916,512.850879091036,243.877580064527,459.776981626072,427.058096252078
GDP per capita (current US$),NY.GDP.PCAP.CD,Chad,TCD,103.537481456693,127.956455348157,234.334960250584,298.367079239041,168.11765824035,896.876704216275,716.804381236651
GDP per capita (current US$),NY.GDP.PCAP.CD,Channel Islands,CHI,..,..,..,..,44318.2210969282,..,..
GDP per capita (current US$),NY.GDP.PCAP.CD,Chile,CHL,504.801137829134,931.167681829696,2531.57326088891,2481.73974319514,5097.11493718915,12767.7820406263,15355.5064965406
GDP per capita (current US$),NY.GDP.PCAP.CD,China,CHN,89.5202179159242,113.16258249869,194.804722186836,317.884673040928,959.360412054851,4550.47392427081,12720.2156397612
GDP per capita (current US$),NY.GDP.PCAP.CD,Colombia,COL,256.962847377293,344.332599843029,1275.99659324238,1467.54743608627,2546.85021319149,6392.75802564032,6630.28272608054
GDP per capita (current US$),NY.GDP.PCAP.CD,Comoros,COM,..,..,646.360534408911,996.528053838927,654.180431028375,1384.06328381602,1484.8924647255
GDP per capita (current US$),NY.GDP.PCAP.CD,"Congo, Dem. Rep.",COD,219.905826799928,242.047912712006,538.960527480262,259.805597176304,392.626333784131,324.827725981436,586.464288888955
GDP per capita (current US$),NY.GDP.PCAP.CD,"Congo, Rep.",COG,124.782358667716,196.823811682519,932.508544209532,1173.26443629039,1029.96068877345,2962.76247997267,2447.98898873051
GDP per capita (current US$),NY.GDP.PCAP.CD,Costa Rica,CRI,376.968785602974,530.706337109124,2001.17673783433,1808.49595860746,3773.03379319679,8147.24398481032,13198.8217168097
GDP per capita (current US$),NY.GDP.PCAP.CD,Cote d'Ivoire,CIV,147.277833821146,265.740358151315,1225.41551277344,906.411513213289,986.777352862812,1654.17795875222,2486.41219393777
GDP per capita (current US$),NY.GDP.PCAP.CD,Croatia,HRV,..,..,..,..,4952.37775298931,13664.2088391124,18413.2346820557
GDP per capita (current US$),NY.GDP.PCAP.CD,Cuba,CUB,..,641.853307170666,2030.0410487021,2695.61486458131,2752.20378269319,5275.53260105122,..
GDP per capita (current US$),NY.GDP.PCAP.CD,Curacao,CUW,..,..,..,..,..,..,..
GDP per capita (current US$),NY.GDP.PCAP.CD,Cyprus,CYP,..,..,4232.02294921875,9641.5751953125,14388.34765625,31105.02734375,31283.505859375
GDP per capita (current US$),NY.GDP.PCAP.CD,Czechia,CZE,..,..,..,3941.50309406941,6028.5826120265,19960.0684872157,27638.3732756288
GDP per capita (current US$),NY.GDP.PCAP.CD,Denmark,DNK,..,3464.45515272943,13883.7845017896,26891.62750517,30743.3796974953,58041.3984363385,66983.1320017138
GDP per capita (current US$),NY.GDP.PCAP.CD,Djibouti,DJI,..,..,..,783.695854246259,742.865697154312,1227.82085311429,3136.11296031934
GDP per capita (current US$),NY.GDP.PCAP.CD,Dominica,DMA,..,..,997.624672275663,2899.06060116621,4879.14977277925,7182.40020254419,8414.53659276775
GDP per capita (current US$),NY.GDP.PCAP.CD,Dominican Republic,DOM,203.879750917293,331.890709093269,1174.69335396666,992.238964207372,2845.84660974677,5509.56805406696,10120.5511632969
GDP per capita (current US$),NY.GDP.PCAP.CD,Ecuador,ECU,448.114881825904,463.772595413305,2197.8681603298,1458.32687154356,1451.53088517998,4640.24634437845,6391.28248430643
GDP per capita (current US$),NY.GDP.PCAP.CD,"Egypt, Arab Rep.",EGY,..,231.217402368792,495.328535561011,751.187490181277,1398.85983078672,2509.77203417522,4295.40749561014
GDP per capita (current US$),NY.GDP.PCAP.CD,El Salvador,SLV,..,313.040018347154,792.629461307538,897.59298208612,1977.84061443838,3017.3073947577,5127.32166823012
GDP per capita (current US$),NY.GDP.PCAP.CD,Equatorial Guinea,GNQ,..,209.277116850747,179.261123623496,240.832676063628,1527.05637771592,14905.5145697484,7053.46708464771
GDP per capita (current US$),NY.GDP.PCAP.CD,Eritrea,ERI,..,..,..,..,..,..,..
GDP per capita (current US$),NY.GDP.PCAP.CD,Estonia,EST,..,..,..,..,4070.60902410208,14663.0446126465,28332.6290917984
GDP per capita (current US$),NY.GDP.PCAP.CD,Eswatini,SWZ,101.652865353752,253.21476113234,905.462131705367,1305.24561448831,1686.65745124879,4035.53450204593,4039.51803604474
GDP per capita (current US$),NY.GDP.PCAP.CD,Ethiopia,ETH,..,..,..,254.295254599846,122.961664711668,335.438495270931,1027.58591828225
GDP per capita (current US$),NY.GDP.PCAP.CD,Faroe Islands,FRO,..,..,..,..,23370.7732949015,48167.6675141519,..
GDP per capita (current US$),NY.GDP.PCAP.CD,Fiji,FJI,279.534497756784,416.725385728676,1865.73517064495,1713.18024493152,2015.85749571271,3469.15022439864,5316.65838506043
GDP per capita (current US$),NY.GDP.PCAP.CD,Finland,FIN,1179.35301099994,2465.64481862422,11223.937563528,28364.6450765922,24345.9148217032,46505.3031791822,50536.6244670541
GDP per capita (current US$),NY.GDP.PCAP.CD,France,FRA,1333.88157286682,2870.15751000611,12738.5200524368,21865.5552539348,22416.425417915,40676.0647913191,40963.837337041
GDP per capita (current US$),NY.GDP.PCAP.CD,French Polynesia,PYF,..,2154.83794777436,8071.44667681413,15728.718798864,14346.1862679009,21447.8582280033,..
GDP per capita (current US$),NY.GDP.PCAP.CD,Gabon,GAB,275.585338313801,542.208327440717,5713.20734803486,6055.06024838035,3991.15715123376,8399.59734429648,8820.34733810024
GDP per capita (current US$),NY.GDP.PCAP.CD,"Gambia, The",GMB,..,98.9086769009949,335.496534484067,304.70768102727,544.62095705756,796.631838772059,840.010193356007
GDP per capita (current US$),NY.GDP.PCAP.CD,Georgia,GEO,..,..,..,1614.6401223992,749.908534993961,3233.22035714481,6627.70698037798
GDP per capita (current US$),NY.GDP.PCAP.CD,Germany,DEU,..,2761.16683289339,12138.3081034267,22303.9613266628,23694.7604830673,41572.4559481517,48432.4558732596
GDP per capita (current US$),NY.GDP.PCAP.CD,Ghana,GHA,176.116376156881,249.949766777473,374.642735242711,381.250838118432,253.380211399084,1258.96390342222,2175.85976967011
GDP per capita (current US$),NY.GDP.PCAP.CD,Gibraltar,GIB,..,..,..,..,..,..,..
GDP per capita (current US$),NY.GDP.PCAP.CD,Greece,GRC,520.322744310383,1494.38798449137,5893.66189269128,9600.18523506603,12072.9293569196,26716.648826028,20732.0522190537
GDP per capita (current US$),NY.GDP.PCAP.CD,Greenland,GRL,..,1498.2764354831,9483.10296840521,18326.9285151847,19004.0034517255,43988.5280290494,..
GDP per capita (current US$),NY.GDP.PCAP.CD,Grenada,GRD,..,..,1169.36731096224,2807.74544370817,4840.68406406257,6760.97488416081,10016.2086862449
GDP per capita (current US$),NY.GDP.PCAP.CD,Guam,GUM,..,..,..,..,..,30011.2185803948,..
GDP per capita (current US$),NY.GDP.PCAP.CD,Guatemala,GTM,252.756171165062,349.024975633327,1143.44040312035,845.314813870882,1664.30771229348,2852.55765185029,5473.20874104102
GDP per capita (current US$),NY.GDP.PCAP.CD,Guinea,GIN,..,..,..,419.686806092696,359.286670086831,667.281601915278,1531.65647549394
GDP per capita (current US$),NY.GDP.PCAP.CD,Guinea-Bissau,GNB,..,133.071689189936,133.083449060455,250.589846359037,301.495570983325,542.284101219589,775.828965734682
GDP per capita (current US$),NY.GDP.PCAP.CD,Guyana,GUY,297.586043558699,379.717579543034,775.145982399868,530.817521363669,938.893297983287,4589.87249015273,18989.7901988355
GDP per capita (current US$),NY.GDP.PCAP.CD,Haiti,HTI,70.0275483086991,70.7569540787026,245.064530048609,447.096290415577,814.997919687219,1204.86205532083,1748.25713234727
GDP per capita (current US$),NY.GDP.PCAP.CD,Honduras,HND,161.477559277238,259.814651044667,1050.33630210773,974.229483842708,1079.6056663087,1874.27170372599,3040.17307960182
GDP per capita (current US$),NY.GDP.PCAP.CD,"Hong Kong SAR, China",HKG,424.056554189694,960.031961510704,5700.43172706043,13485.6314525052,25756.7739743351,32550.137885731,48983.623801213
GDP per capita (current US$),NY.GDP.PCAP.CD,Hungary,HUN,..,..,..,..,4624.28220296128,13217.5045951108,18463.2085249699
GDP per capita (current US$),NY.GDP.PCAP.CD,Iceland,ISL,1414.98328057259,2576.35344443598,14821.6863688083,25384.9259111301,32096.3722613695,43237.0729488958,72902.9799538499
GDP per capita (current US$),NY.GDP.PCAP.CD,India,IND,83.0351017584916,111.968318080332,267.390578652535,368.749759408129,442.034778917695,1350.63445681517,2388.62119776762
GDP per capita (current US$),NY.GDP.PCAP.CD,Indonesia,IDN,..,79.4134554327543,489.16019632923,582.678967798773,770.865351580294,3094.44307855057,4787.99930765134
GDP per capita (current US$),NY.GDP.PCAP.CD,"Iran, Islamic Rep.",IRN,196.323926903847,385.812265632039,2449.65340109462,2237.05226140112,1672.02287650211,6458.57395640309,4387.82571517872
GDP per capita (current US$),NY.GDP.PCAP.CD,Iraq,IRQ,237.684587706533,334.441202964169,3850.25849663918,10216.5688075328,1963.72283862715,4430.42624189518,5937.19546600271
GDP per capita (current US$),NY.GDP.PCAP.CD,Ireland,IRL,685.61471237976,1486.51452734638,6372.43777545453,14031.3025675469,26334.5672050501,48663.6004439262,104038.946076296
GDP per capita (current US$),NY.GDP.PCAP.CD,Isle of Man,IMN,..,..,..,..,20693.8381675417,70625.1685395307,..
GDP per capita (current US$),NY.GDP.PCAP.CD,Israel,ISR,1365.75271376213,..,..,..,21630.5707714145,31266.6053174383,54659.753964319
GDP per capita (current US$),NY.GDP.PCAP.CD,Italy,ITA,804.492623346178,2106.86395924945,8456.91897443827,20825.7842228307,20137.5912217673,36035.6449950699,34157.990122464
GDP per capita (current US$),NY.GDP.PCAP.CD,Jamaica,JAM,425.653769425095,755.595310917605,1254.65776575016,1919.79535653497,3447.30389648976,4835.79106820501,6047.21646430936
GDP per capita (current US$),NY.GDP.PCAP.CD,Japan,JPN,475.319075118174,2056.12204391967,9463.35246400238,25371.4641705246,39169.3601759313,44968.1562349739,33815.3172733799
GDP per capita (current US$),NY.GDP.PCAP.CD,Jordan,JOR,..,410.639798367789,1763.74179989142,1195.22643655778,1673.35812510644,3914.70123105389,4204.50563967692
GDP per capita (current US$),NY.GDP.PCAP.CD,Kazakhstan,KAZ,..,..,..,1647.46324337761,1229.00095844501,9070.48825285747,11243.6712256386
GDP per capita (current US$),NY.GDP.PCAP.CD,Kenya,KEN,102.079867639131,139.757273455879,448.832994151569,370.100147048148,411.821353915941,1093.63962775736,2099.30193826696
GDP per capita (current US$),NY.GDP.PCAP.CD,Kiribati,KIR,..,248.886250059956,692.771383581257,571.499223418383,757.133436319237,1438.08077150793,1701.97012305233
GDP per capita (current US$),NY.GDP.PCAP.CD,"Korea, Dem. People's Rep.",PRK,..,..,..,..,..,..,..
GDP per capita (current US$),NY.GDP.PCAP.CD,"Korea, Rep.",KOR,158.274637345427,279.304968942819,1715.42945990136,6610.0365083067,12256.9935679503,23087.2256438476,32254.6247153456
GDP per capita (current US$),NY.GDP.PCAP.CD,Kosovo,XKX,..,..,..,..,..,3009.52346490735,5351.43954231081
GDP per capita (current US$),NY.GDP.PCAP.CD,Kuwait,KWT,..,3579.58267298758,19170.8945990736,11002.0656154304,19493.9145280203,39212.6352806064,43233.4890938984
GDP per capita (current US$),NY.GDP.PCAP.CD,Kyrgyz Republic,KGZ,..,..,..,609.172891237019,279.619569260939,880.038514144186,1606.66807508711
GDP per capita (current US$),NY.GDP.PCAP.CD,Lao PDR,LAO,..,..,..,200.619148122898,318.770922809904,1127.83523605646,2088.37718210612
GDP per capita (current US$),NY.GDP.PCAP.CD,Latvia,LVA,..,..,..,..,3361.64086880275,11420.9940032836,21851.1052012696
GDP per capita (current US$),NY.GDP.PCAP.CD,Lebanon,LBN,..,..,..,789.850392064409,3994.86114388889,7695.24541461262,..
GDP per capita (current US$),NY.GDP.PCAP.CD,Lesotho,LSO,46.8666376383942,67.1629200068267,306.56479793305,331.523789179543,443.949928352154,1104.80053785826,1107.39529790821
GDP per capita (current US$),NY.GDP.PCAP.CD,Liberia,LBR,..,..,..,..,301.87646966176,497.020365397034,754.532876859838
GDP per capita (current US$),NY.GDP.PCAP.CD,Libya,LBY,..,..,..,6821.87401726743,7424.35347159139,11611.3585953054,6716.09598462328
GDP per capita (current US$),NY.GDP.PCAP.CD,Liechtenstein,LIE,..,4272.33917084125,21385.4040224223,49418.0036599409,75210.1554443606,141466.875379198,..
GDP per capita (current US$),NY.GDP.PCAP.CD,Lithuania,LTU,..,..,..,..,3293.22997867086,11987.508411647,24826.7910371972
GDP per capita (current US$),NY.GDP.PCAP.CD,Luxembourg,LUX,2242.0158166161,4298.03389742102,16531.1148988397,33465.478207919,48659.5988753233,110885.991378724,126426.089934322
GDP per capita (current US$),NY.GDP.PCAP.CD,"Macao SAR, China",MAC,..,..,..,9269.64902237693,15684.7795496765,50676.3891928517,31617.5018997155
GDP per capita (current US$),NY.GDP.PCAP.CD,Madagascar,MDG,132.670284021059,167.455009950021,581.32813743507,330.843525320839,285.46646330412,459.375407998781,505.035527643123
GDP per capita (current US$),NY.GDP.PCAP.CD,Malawi,MWI,..,..,287.38654389592,286.916594654486,225.952455474545,688.139191185368,645.158692067185
GDP per capita (current US$),NY.GDP.PCAP.CD,Malaysia,MYS,244.611028982719,374.922880262819,1852.96336683194,2513.24139547744,4087.56259349384,8880.14603964288,11971.9275991535
GDP per capita (current US$),NY.GDP.PCAP.CD,Maldives,MDV,..,..,257.531377031329,955.933666652944,2209.98823138762,7158.06141101431,11817.5239328803
GDP per capita (current US$),NY.GDP.PCAP.CD,Mali,MLI,..,58.4654633252534,238.680481495689,299.821615850828,263.498384233191,688.327865548408,833.297255208972
GDP per capita (current US$),NY.GDP.PCAP.CD,Malta,MLT,..,828.421680335959,3948.40312614976,7191.92360259617,11083.0127951665,21798.9029323123,33940.9495961291
GDP per capita (current US$),NY.GDP.PCAP.CD,Marshall Islands,MHL,..,..,..,1704.25869220579,2127.24070522278,3001.31982926464,6727.79956217374
GDP per capita (current US$),NY.GDP.PCAP.CD,Mauritania,MRT,..,275.713658155559,695.512844365775,751.193482351168,660.303851848479,1646.13044745656,2190.70020547034
GDP per capita (current US$),NY.GDP.PCAP.CD,Mauritius,MUS,..,..,1171.57735768179,2506.18493271298,3929.08173176636,8000.37643182154,10216.2947440415
GDP per capita (current US$),NY.GDP.PCAP.CD,Mexico,MEX,359.54505933555,706.313186435303,3036.35501173446,3196.91987187933,7232.91068093609,9399.96470859669,11091.3054302538
GDP per capita (current US$),NY.GDP.PCAP.CD,"Micronesia, Fed. Sts.",FSM,..,..,..,1492.85518696186,2088.20954444136,2760.0113395546,3741.05776874774
GDP per capita (current US$),NY.GDP.PCAP.CD,Moldova,MDA,..,..,..,..,440.538683980372,2436.7993586401,5562.61362534668
GDP per capita (current US$),NY.GDP.PCAP.CD,Monaco,MCO,..,12075.5611052007,50898.6185425885,81813.3157655432,81764.256804385,161780.747483272,..
GDP per capita (current US$),NY.GDP.PCAP.CD,Mongolia,MNG,..,..,..,1184.76291423329,463.853881903101,2660.28817572742,4946.75481125723
GDP per capita (current US$),NY.GDP.PCAP.CD,Montenegro,MNE,..,..,..,..,1627.06499690495,6688.40268414302,9893.51590693197
GDP per capita (current US$),NY.GDP.PCAP.CD,Morocco,MAR,172.599319458008,257.729644775391,1097.66491699219,1219.42456054688,1492.37707519531,3067.85180664063,3527.94189453125
GDP per capita (current US$),NY.GDP.PCAP.CD,Mozambique,MOZ,..,..,..,..,318.342688504828,481.268196951352,541.454425499229
GDP per capita (current US$),NY.GDP.PCAP.CD,Myanmar,MMR,..,21.2208716497389,30.1979148634296,50.7829481961904,150.407828858471,765.241888636197,1095.70178954585
GDP per capita (current US$),NY.GDP.PCAP.CD,Namibia,NAM,..,..,2481.56357006534,2037.91060341669,2156.09014168741,5445.42006302741,4911.32763537761
GDP per capita (current US$),NY.GDP.PCAP.CD,Nauru,NRU,..,..,..,..,..,4644.35527446884,11913.6573290384
GDP per capita (current US$),NY.GDP.PCAP.CD,Nepal,NPL,49.9938398506726,69.2709035731927,124.734708371297,184.923647653537,223.711891850609,589.165434913038,1336.54604726414
GDP per capita (current US$),NY.GDP.PCAP.CD,Netherlands,NLD,1068.78458723735,2927.07293946175,13791.8622639458,21290.8603827045,26214.498549887,50999.7451168891,55985.4034255707
GDP per capita (current US$),NY.GDP.PCAP.CD,New Caledonia,NCL,..,3203.71146175562,8443.15572078886,14800.7912526944,16039.169170899,37494.8951551029,..
GDP per capita (current US$),NY.GDP.PCAP.CD,New Zealand,NZL,2312.94999239859,..,7467.16803773805,13663.0216184298,13641.0178601057,33676.7741239925,48249.2640150011
GDP per capita (current US$),NY.GDP.PCAP.CD,Nicaragua,NIC,126.962816978605,318.463861310393,649.136973313812,238.765007996396,996.89785199474,1495.73377659921,2255.42598603695
GDP per capita (current US$),NY.GDP.PCAP.CD,Niger,NER,128.530590758063,139.177143662914,406.358786698512,419.603895477906,192.87772578084,471.612687756478,533.028763819513
GDP per capita (current US$),NY.GDP.PCAP.CD,Nigeria,NGA,93.3970477523668,225.773999572505,880.061983734212,567.517902154176,565.305992623438,2280.11197852503,2184.42149316828
GDP per capita (current US$),NY.GDP.PCAP.CD,North Macedonia,MKD,..,..,..,2299.0443294502,1861.89900722369,4577.68957570575,6591.4712922903
GDP per capita (current US$),NY.GDP.PCAP.CD,Northern Mariana Islands,MNP,..,..,..,..,..,14772.4961635883,..
GDP per capita (current US$),NY.GDP.PCAP.CD,Norway,NOR,1441.75566002633,3306.23798805599,15772.1610790175,28242.7934092985,38178.0561473638,88163.2085931423,106148.778627718
GDP per capita (current US$),NY.GDP.PCAP.CD,Oman,OMN,..,382.171567770964,5879.09946047811,6475.41707045963,8321.39386651557,22552.1990071233,25056.7948608378
GDP per capita (current US$),NY.GDP.PCAP.CD,Pakistan,PAK,81.5869472962009,169.124000230778,293.3918897736,346.668515520908,531.306496052198,911.089996122843,1596.66266149236
GDP per capita (current US$),NY.GDP.PCAP.CD,Palau,PLW,..,..,..,..,7416.48078677887,10029.28802589,..
GDP per capita (current US$),NY.GDP.PCAP.CD,Panama,PAN,476.621422214414,891.054671320443,2357.75015368012,2626.14328023876,4099.00653989315,8124.55830734871,17357.6286293985
GDP per capita (current US$),NY.GDP.PCAP.CD,Papua New Guinea,PNG,116.079963552292,259.362359577809,819.962294273004,833.053994956815,639.279199918609,1879.24044384288,3020.26964580164
GDP per capita (current US$),NY.GDP.PCAP.CD,Paraguay,PRY,..,246.850846966175,1444.69452247654,1431.83920038625,1728.34074341006,4702.91576988272,6153.05567679103
GDP per capita (current US$),NY.GDP.PCAP.CD,Peru,PER,252.844497966586,548.003234606709,1036.84070320143,1194.54830200693,1941.318259717,5047.2046433225,7125.8292350929
GDP per capita (current US$),NY.GDP.PCAP.CD,Philippines,PHL,263.837059857294,201.923258729261,761.016620612616,820.487180286668,1073.26443619332,2201.77681934472,3498.50981598253
GDP per capita (current US$),NY.GDP.PCAP.CD,Poland,POL,..,..,..,1731.2095094382,4501.47996121234,12504.2501856093,18321.2808899533
GDP per capita (current US$),NY.GDP.PCAP.CD,Portugal,PRT,360.499298506858,934.082156096117,3368.36666940279,7884.61798756332,11526.3720667968,22520.642312405,24274.5165823077
GDP per capita (current US$),NY.GDP.PCAP.CD,Puerto Rico,PRI,717.514843087362,1852.35467255335,4502.8384279476,8652.50749222505,16192.1269719638,26435.74878578,35208.6371888414
GDP per capita (current US$),NY.GDP.PCAP.CD,Qatar,QAT,..,2557.40169272066,28218.2951075329,16664.8314327886,27494.7713320186,73021.3097525035,88046.3204155891
GDP per capita (current US$),NY.GDP.PCAP.CD,Romania,ROU,..,..,..,1648.33213009001,1659.92898538553,8397.80917311457,15892.1185256988
GDP per capita (current US$),NY.GDP.PCAP.CD,Russian Federation,RUS,..,..,..,3492.71020507813,1771.59411621094,10674.990234375,15345.0966796875
GDP per capita (current US$),NY.GDP.PCAP.CD,Rwanda,RWA,40.1191924510529,56.4371903929738,239.115386653013,348.38783214137,255.088225982301,594.109511793169,966.327110112571
GDP per capita (current US$),NY.GDP.PCAP.CD,Samoa,WSM,..,..,..,747.780848318875,1406.76568300557,3494.39528991814,3743.20567929219
GDP per capita (current US$),NY.GDP.PCAP.CD,San Marino,SMR,..,..,..,..,37473.7869829611,59516.3233991396,..
GDP per capita (current US$),NY.GDP.PCAP.CD,Sao Tome and Principe,STP,..,..,..,..,..,1079.68965436787,2404.25869314484
GDP per capita (current US$),NY.GDP.PCAP.CD,Saudi Arabia,SAU,..,880.625719756739,16176.1982500488,7349.70343546405,8795.26059641872,17958.9478313331,30436.2783034025
GDP per capita (current US$),NY.GDP.PCAP.CD,Senegal,SEN,306.641641694913,297.042971108725,790.710354996433,980.754562221962,619.642123497551,1286.60496589073,1598.73599053078
GDP per capita (current US$),NY.GDP.PCAP.CD,Serbia,SRB,..,..,..,..,914.785719885861,5735.42285659849,9393.62890629911
GDP per capita (current US$),NY.GDP.PCAP.CD,Seychelles,SYC,288.058159419365,343.881182120846,2478.36470439622,5642.07289740475,8063.65547617017,10938.1530897824,15874.5400675106
GDP per capita (current US$),NY.GDP.PCAP.CD,Sierra Leone,SLE,139.917538520777,156.343876970726,326.858464441259,150.193419097826,138.713941615327,400.540693364957,461.361138294258
GDP per capita (current US$),NY.GDP.PCAP.CD,Singapore,SGP,428.056183083067,925.797863724844,4928.13911785754,11861.7561591366,23852.8343394594,47236.6715371242,82807.6490834764
GDP per capita (current US$),NY.GDP.PCAP.CD,Sint Maarten (Dutch part),SXM,..,..,..,..,..,..,36220.3380075608
GDP per capita (current US$),NY.GDP.PCAP.CD,Slovak Republic,SVK,..,..,..,2405.53516040785,5426.62428119306,16908.847956488,21258.1141354655
GDP per capita (current US$),NY.GDP.PCAP.CD,Slovenia,SVN,..,..,..,..,10201.3035366727,23532.4808545474,29457.40284439
GDP per capita (current US$),NY.GDP.PCAP.CD,Solomon Islands,SLB,..,..,782.529290244423,662.85274862805,976.428300931315,1661.99781377727,2203.18965958102
GDP per capita (current US$),NY.GDP.PCAP.CD,Somalia,SOM,62.8619936033143,86.6976627758938,102.438851072568,131.02323900236,..,..,461.775850005151
GDP per capita (current US$),NY.GDP.PCAP.CD,South Africa,ZAF,529.561922957192,948.591794172109,3034.66139003582,3160.8783649925,3241.66124034865,8059.56284101092,6776.48007742932
GDP per capita (current US$),NY.GDP.PCAP.CD,South Sudan,SSD,..,..,..,..,..,1503.13388901082,..
GDP per capita (current US$),NY.GDP.PCAP.CD,Spain,ESP,396.392253337614,1212.28932639401,6208.5780190814,13804.8767869937,14749.6874248766,30532.4805081663,29350.1685214481
GDP per capita (current US$),NY.GDP.PCAP.CD,Sri Lanka,LKA,144.101853916495,185.367132782546,269.319961734672,466.897656641503,869.753488572239,2836.97409785065,3354.38340757565
GDP per capita (current US$),NY.GDP.PCAP.CD,St. Kitts and Nevis,KNA,218.260426137037,362.479985586417,1588.49245328583,5346.47256765575,9275.98974602226,16427.6210053903,20176.7475766259
GDP per capita (current US$),NY.GDP.PCAP.CD,St. Lucia,LCA,..,..,1400.69200274901,4073.26462659876,5846.97550214791,8672.12899856887,11481.496719925
GDP per capita (current US$),NY.GDP.PCAP.CD,St. Martin (French part),MAF,..,..,..,..,..,..,..
GDP per capita (current US$),NY.GDP.PCAP.CD,St. Vincent and the Grenadines,VCT,155.29449370268,187.387643493992,766.099177797075,2136.83951627003,3760.08045686378,6590.98957888616,9125.31749650188
GDP per capita (current US$),NY.GDP.PCAP.CD,Sudan,SDN,100.262199401855,143.383728027344,429.02197265625,1301.81909179688,378.157501220703,1706.41491699219,1102.146484375
GDP per capita (current US$),NY.GDP.PCAP.CD,Suriname,SUR,371.279750815958,723.577192973221,2119.36701571797,940.991772378839,1978.44661083547,7999.50836563277,5858.2860595119
GDP per capita (current US$),NY.GDP.PCAP.CD,Sweden,SWE,2114.00302983134,4736.20799467978,17097.9337164262,30593.7241338416,29624.7698677482,52869.0442891587,55873.2208108977
GDP per capita (current US$),NY.GDP.PCAP.CD,Switzerland,CHE,1787.36037783654,..,19393.7841105077,39575.726814294,38864.0438950021,76531.3729407691,92101.4697414382
GDP per capita (current US$),NY.GDP.PCAP.CD,Syrian Arab Republic,SYR,186.024287278712,281.697840581992,1467.86019856869,1926.38460729734,4941.85259705136,11304.644927596,..
GDP per capita (current US$),NY.GDP.PCAP.CD,Tajikistan,TJK,..,..,..,485.319861766486,137.18190923442,740.276191250251,1054.18948358818
GDP per capita (current US$),NY.GDP.PCAP.CD,Tanzania,TZA,..,..,..,167.144546508789,399.451141357422,730.813293457031,1192.40380859375
GDP per capita (current US$),NY.GDP.PCAP.CD,Thailand,THA,103.800958852498,197.993749582422,707.370003550458,1545.2769565655,2004.10704225596,4996.37209760091,6908.80211929543
GDP per capita (current US$),NY.GDP.PCAP.CD,Timor-Leste,TLS,..,..,..,..,417.924199644793,810.141609538386,2358.4090544008
GDP per capita (current US$),NY.GDP.PCAP.CD,Togo,TGO,99.6771486788102,157.066054010121,544.126482034404,570.932838514267,404.822074317398,709.1406700804,918.376755793481
GDP per capita (current US$),NY.GDP.PCAP.CD,Tonga,TON,..,..,550.730833344802,1150.28129668079,1996.51507828251,3416.11043175806,..
GDP per capita (current US$),NY.GDP.PCAP.CD,Trinidad and Tobago,TTO,632.388915889771,831.083335445879,5528.94647163954,4001.52228393122,6120.94594259561,15711.5381692036,18222.2603252218
GDP per capita (current US$),NY.GDP.PCAP.CD,Tunisia,TUN,..,285.144223949631,1329.26831685985,1456.22448917712,2170.50814294017,4241.01190951928,3776.66777934015
GDP per capita (current US$),NY.GDP.PCAP.CD,Turkiye,TUR,274.525691880429,488.045850659425,1560.23285901366,2773.65070628836,4278.26653426387,10614.9845699013,10616.0610448133
GDP per capita (current US$),NY.GDP.PCAP.CD,Turkmenistan,TKM,..,..,..,857.339059424351,635.714311781872,4286.88050515414,..
GDP per capita (current US$),NY.GDP.PCAP.CD,Turks and Caicos Islands,TCA,..,..,..,..,..,23103.9426764449,24917.595805527
GDP per capita (current US$),NY.GDP.PCAP.CD,Tuvalu,TUV,..,..,..,961.091944906504,1564.01519486158,3043.16532255235,5334.98860491543
GDP per capita (current US$),NY.GDP.PCAP.CD,Uganda,UGA,55.5293371220614,122.082865762986,93.6922285457737,244.754072542541,257.829605739453,824.737671173843,964.224385224431
GDP per capita (current US$),NY.GDP.PCAP.CD,Ukraine,UKR,..,..,..,1568.53662109375,658.344604492188,3078.41479492188,4533.9755859375
GDP per capita (current US$),NY.GDP.PCAP.CD,United Arab Emirates,ARE,..,..,42995.163998245,26682.8498094612,31855.5006047175,34165.9133053315,53757.8632508308
GDP per capita (current US$),NY.GDP.PCAP.CD,United Kingdom,GBR,1397.59486332505,2347.73024638552,10032.1786752405,19096.2412009479,28289.65268964,39693.1938701237,45850.4261222629
GDP per capita (current US$),NY.GDP.PCAP.CD,United States,USA,3007.12344537862,5234.2966662115,12574.7915062163,23888.6000088133,36329.9560727102,48650.6431283336,76398.5917422054
GDP per capita (current US$),NY.GDP.PCAP.CD,Uruguay,URY,491.213492970179,765.911758988321,3440.71777087917,2983.24373634077,6932.47832494715,12512.5941268441,20795.0423535553
GDP per capita (current US$),NY.GDP.PCAP.CD,Uzbekistan,UZB,..,..,..,651.419209686743,558.226802377,1742.34925645077,2255.15115489364
GDP per capita (current US$),NY.GDP.PCAP.CD,Vanuatu,VUT,..,..,1025.63981151411,1119.28001513864,1416.1970239414,2732.55155722254,3010.29217286159
GDP per capita (current US$),NY.GDP.PCAP.CD,"Venezuela, RB",VEN,939.560806105492,1018.10898364984,3886.57395632113,2461.03935458171,4795.63474784068,13692.9149666211,..
GDP per capita (current US$),NY.GDP.PCAP.CD,Vietnam,VNM,..,..,..,96.7192957412953,394.583136574358,1684.01166738777,4163.5143004093
GDP per capita (current US$),NY.GDP.PCAP.CD,Virgin Islands (U.S.),VIR,..,..,..,..,..,39905.1284180994,..
GDP per capita (current US$),NY.GDP.PCAP.CD,West Bank and Gaza,PSE,..,..,..,..,1476.17185000238,2557.07562356699,3789.32796575153
GDP per capita (current US$),NY.GDP.PCAP.CD,"Yemen, Rep.",YEM,..,..,..,422.210702169172,518.14867272789,1249.06308529856,676.928385042108
GDP per capita (current US$),NY.GDP.PCAP.CD,Zambia,ZMB,228.567398531142,426.302187693943,679.061787534734,427.406453462986,364.026125867299,1469.36145002684,1487.90776431025
GDP per capita (current US$),NY.GDP.PCAP.CD,Zimbabwe,ZWE,276.643363257328,362.144146803774,947.367135484826,868.490174851563,565.284389703613,937.840339987372,1266.99603069032
GDP per capita (current US$),NY.GDP.PCAP.CD,Africa Eastern and Southern,AFE,161.638982211816,258.760362014977,741.305704886249,819.844295928423,709.061010146892,1649.63914576854,1622.39171959406
GDP per capita (current US$),NY.GDP.PCAP.CD,Africa Western and Central,AFW,107.423775397131,194.32738986023,712.426374259141,591.9896084034,522.772772119317,1679.64672676436,1790.34880033979
GDP per capita (current US$),NY.GDP.PCAP.CD,Arab World,ARB,..,349.200528375569,2741.71041336197,2850.80154498515,2857.13272055077,6406.31381669319,7655.84840197887
GDP per capita (current US$),NY.GDP.PCAP.CD,Caribbean small states,CSS,446.724344059027,746.028155126344,2434.17914272633,2995.96689738191,5246.59626700535,9271.13807868462,12382.3753760863
GDP per capita (current US$),NY.GDP.PCAP.CD,Central Europe and the Baltics,CEB,..,..,..,2305.67634682273,3952.06824439875,12606.5911566259,19337.8890310738
GDP per capita (current US$),NY.GDP.PCAP.CD,Early-demographic dividend,EAR,153.477606369079,228.383389172106,835.209506886223,911.326362214012,1354.97962019911,2988.44999734415,4069.17601218906
GDP per capita (current US$),NY.GDP.PCAP.CD,East Asia & Pacific,EAS,148.212965345957,317.346649419648,1166.7721288235,2605.90737845756,4089.04265865943,7721.62526257908,12906.694013545
GDP per capita (current US$),NY.GDP.PCAP.CD,East Asia & Pacific (excluding high income),EAP,90.7192123906104,114.188280554589,278.461334356942,416.677813510951,954.440267804461,4006.2005782492,9952.18812123202
GDP per capita (current US$),NY.GDP.PCAP.CD,East Asia & Pacific (IDA & IBRD countries),TEA,91.7989959680328,115.598136588521,281.843421229168,421.631727483568,965.661296811857,4051.97294784568,10062.9224412061
GDP per capita (current US$),NY.GDP.PCAP.CD,Euro area,EMU,923.04470063853,2238.05528494335,9806.29939985584,18903.2829635424,20215.5536922064,37605.0353764349,40755.0473759676
GDP per capita (current US$),NY.GDP.PCAP.CD,Europe & Central Asia,ECS,..,1382.45041743228,5801.48769221547,10522.1857289629,11667.3420725881,23640.9788244036,27363.874640104
GDP per capita (current US$),NY.GDP.PCAP.CD,Europe & Central Asia (excluding high income),ECA,..,..,..,2467.89602924435,1788.40584633532,7789.14710320876,10376.7802480968
GDP per capita (current US$),NY.GDP.PCAP.CD,Europe & Central Asia (IDA & IBRD countries),TEC,..,..,..,2382.07609670876,2052.57426429872,8280.2645673984,11324.5106744239
GDP per capita (current US$),NY.GDP.PCAP.CD,European Union,EUU,..,1879.95676794786,8100.23928099162,15459.4947497804,16948.3308695398,32965.4363585412,37149.6085917605
GDP per capita (current US$),NY.GDP.PCAP.CD,Fragile and conflict affected situations,FCS,..,212.458709253058,907.618421065678,1141.84605523662,858.562392428145,2298.31625642138,1856.91563877565
GDP per capita (current US$),NY.GDP.PCAP.CD,Heavily indebted poor countries (HIPC),HPC,105.794012020135,151.502562886896,403.40833044145,453.925419060711,373.726147213202,831.132251297982,1097.0516591685
GDP per capita (current US$),NY.GDP.PCAP.CD,High income,HIC,1371.94802981913,2741.90799462066,9359.32017974155,18476.8850773094,25191.0460137549,38764.4468995418,49430.3293645734
GDP per capita (current US$),NY.GDP.PCAP.CD,IBRD only,IBD,164.280859893695,243.923182183372,810.82479302968,1053.26851716701,1467.06150982623,4529.80136052006,7658.32088697012
GDP per capita (current US$),NY.GDP.PCAP.CD,IDA & IBRD total,IBT,152.861456470292,229.506505259417,738.483292852768,930.017306435023,1254.87927774585,3733.39573834849,5988.57279695996
GDP per capita (current US$),NY.GDP.PCAP.CD,IDA blend,IDB,100.212991708538,201.926922371899,606.407516848835,514.373907365373,557.376614868524,1512.22166518003,1930.61281858042
GDP per capita (current US$),NY.GDP.PCAP.CD,IDA only,IDX,99.197386393088,140.406940477814,332.975622311918,400.506928443912,467.807160637652,1102.16138546949,1330.8545441218
GDP per capita (current US$),NY.GDP.PCAP.CD,IDA total,IDA,97.3514478812972,157.346172947614,417.963574605326,437.585728739057,496.815031048305,1239.07676399834,1528.9727987133
GDP per capita (current US$),NY.GDP.PCAP.CD,Late-demographic dividend,LTE,171.493638417039,259.217943696853,819.23838384287,1102.22385580294,1666.72374184302,6209.42194576296,12074.4770230096
GDP per capita (current US$),NY.GDP.PCAP.CD,Latin America & Caribbean,LCN,384.765742597919,613.20123755575,2166.80934550792,2677.52569213284,4398.04248172102,9083.54164388779,10236.1058570266
GDP per capita (current US$),NY.GDP.PCAP.CD,Latin America & Caribbean (excluding high income),LAC,350.119120343514,562.244320132208,2016.38750723457,2617.84257374626,4204.24103860366,8526.03077587136,9695.01762975153
GDP per capita (current US$),NY.GDP.PCAP.CD,Latin America & the Caribbean (IDA & IBRD countries),TLA,379.626944217997,596.182517491855,2137.43303735762,2608.504858792,4310.63620542029,9009.87827741818,9237.90374865276
GDP per capita (current US$),NY.GDP.PCAP.CD,Least developed countries: UN classification,LDC,..,..,286.510641388588,356.677323037357,330.128575659965,818.454390825555,1259.14120042621
GDP per capita (current US$),NY.GDP.PCAP.CD,Low & middle income,LMY,146.426323725134,219.663257302612,700.786398583267,901.189296300193,1187.34503385632,3552.48204821847,5859.78480951034
GDP per capita (current US$),NY.GDP.PCAP.CD,Low income,LIC,..,..,352.172006703204,461.117491402683,487.48121065063,1158.03575119001,741.244363322251
GDP per capita (current US$),NY.GDP.PCAP.CD,Lower middle income,LMC,97.2949139290233,143.888584437091,444.774882703209,514.020252697291,601.11322738431,1690.25677929182,2542.19993808198
GDP per capita (current US$),NY.GDP.PCAP.CD,Middle East & North Africa,MEA,..,405.682524754113,3214.12711158496,3144.38435751182,3284.45984950586,7498.59076373389,8949.39677899439
GDP per capita (current US$),NY.GDP.PCAP.CD,Middle East & North Africa (excluding high income),MNA,..,293.24057515419,1633.70193137236,2216.07729462501,1888.61214426368,4624.87233094464,3952.11139122738
GDP per capita (current US$),NY.GDP.PCAP.CD,Middle East & North Africa (IDA & IBRD countries),TMN,..,290.62315242354,1619.1197455066,2215.44821411794,1892.90151253098,4647.93090169896,3954.09404072478
GDP per capita (current US$),NY.GDP.PCAP.CD,Middle income,MIC,150.125172208168,225.960932260308,725.332382031409,934.290342725502,1246.29144326899,3788.50399261917,6462.27913583151
GDP per capita (current US$),NY.GDP.PCAP.CD,North America,NAC,2939.44660733007,5130.39980228992,12441.4160701465,23653.3998971158,35151.3296023334,48552.9424055168,74164.6530205831
GDP per capita (current US$),NY.GDP.PCAP.CD,Not classified,INX,..,..,..,..,..,..,..
GDP per capita (current US$),NY.GDP.PCAP.CD,OECD members,OED,1330.4802427509,2623.28919319003,8685.91797341236,17019.7362411748,23026.1764374782,35054.6766586839,43260.7027011599
GDP per capita (current US$),NY.GDP.PCAP.CD,Other small states,OSS,..,286.011105730132,2684.54293370649,3059.01345448594,4277.58228896806,12141.8908306879,15990.6473634936
GDP per capita (current US$),NY.GDP.PCAP.CD,Pacific island small states,PSS,..,..,1351.51531838115,1325.6559674714,1687.72591275528,2882.71637112879,3874.93417803281
GDP per capita (current US$),NY.GDP.PCAP.CD,Post-demographic dividend,PST,1386.72303676989,2788.60414032433,9389.33671312011,19062.7252829105,25861.4262191245,39711.096438339,50696.9272264744
GDP per capita (current US$),NY.GDP.PCAP.CD,Pre-demographic dividend,PRE,110.105829480764,180.037575411418,696.887794512026,945.525159785786,503.857806709648,1434.13567634704,1553.28051193406
GDP per capita (current US$),NY.GDP.PCAP.CD,Small states,SST,..,460.219093342523,2527.29982333142,2921.42756423184,4314.06146341325,10987.3062332558,14626.5057055616
GDP per capita (current US$),NY.GDP.PCAP.CD,South Asia,SAS,82.5583493880726,118.978262802447,260.733640571893,356.66537923874,447.950614861535,1242.04254330417,2272.4547387962
GDP per capita (current US$),NY.GDP.PCAP.CD,South Asia (IDA & IBRD),TSA,82.5583493880726,118.978262802447,260.733640571893,356.66537923874,447.950614861535,1242.04254330417,2272.4547387962
GDP per capita (current US$),NY.GDP.PCAP.CD,Sub-Saharan Africa,SSF,136.164974456248,228.864801175932,725.447449830345,726.680908742204,632.354480728225,1661.41506352534,1690.38756577047
GDP per capita (current US$),NY.GDP.PCAP.CD,Sub-Saharan Africa (excluding high income),SSA,136.141899701091,228.855041178701,725.173744886925,726.017420818015,631.449155497044,1660.46865211882,1689.21565485367
GDP per capita (current US$),NY.GDP.PCAP.CD,Sub-Saharan Africa (IDA & IBRD countries),TSS,136.164974456248,228.864801175932,725.447449830345,726.680908742204,632.354480728225,1661.41506352534,1690.38756577047
GDP per capita (current US$),NY.GDP.PCAP.CD,Upper middle income,UMC,190.842811002837,289.719887577461,954.576787693515,1304.72634054619,1860.11287450474,5979.91129500348,10953.1934181021
GDP per capita (current US$),NY.GDP.PCAP.CD,World,WLD,456.82637523312,812.222211741064,2552.05848943167,4318.91253431034,5508.43301374779,9558.02173069303,12702.9426342374
,,,,,,,,,,
,,,,,,,,,,
,,,,,,,,,,
Data from database: World Development Indicators,,,,,,,,,,
Last Updated: 06/29/2023,,,,,,,,,,
